timestamp,pixel,fps,pv,ra,stream,device,GPU
2023-10-11 10:17:40.112179,360,22,1.0,0.36,1,Xavier,0
2023-10-11 10:17:40.191008,420,14,0.67,0.79,1,Nano,0
2023-10-11 10:17:41.787318,420,14,1.0,0.71,1,Nano,0
2023-10-11 10:17:41.911731,360,22,1.0,0.77,1,Xavier,0
2023-10-11 10:17:43.286273,360,18,1.0,0.78,9,Laptop,0
2023-10-11 10:17:43.692270,420,14,0.79,0.71,1,Nano,0
2023-10-11 10:17:44.103049,360,22,1.0,0.86,1,Xavier,0
2023-10-11 10:17:45.120611,360,18,1.0,0.72,9,Laptop,0
2023-10-11 10:17:45.265784,420,14,1.0,0.71,1,Nano,0
2023-10-11 10:17:46.520999,360,22,0.95,0.73,1,Xavier,0
2023-10-11 10:17:46.808679,420,14,1.0,0.71,1,Nano,0
2023-10-11 10:17:47.013207,360,18,1.0,0.89,9,Laptop,0
2023-10-11 10:17:48.552164,420,14,1.0,0.79,1,Nano,0
2023-10-11 10:17:48.885199,360,22,1.0,0.77,1,Xavier,0
2023-10-11 10:17:49.009691,360,18,1.0,0.78,9,Laptop,0
2023-10-11 10:17:50.424199,420,14,0.79,0.71,1,Nano,0
2023-10-11 10:17:51.227439,360,22,1.0,0.77,1,Xavier,0
2023-10-11 10:17:51.236315,360,18,1.0,0.94,9,Laptop,0
2023-10-11 10:17:52.213541,420,14,1.0,0.64,1,Nano,0
2023-10-11 10:17:53.399227,360,22,0.95,0.77,1,Xavier,0
2023-10-11 10:17:53.571657,360,18,1.0,0.83,9,Laptop,0
2023-10-11 10:17:54.085225,420,14,1.0,0.64,1,Nano,0
2023-10-11 10:17:55.513741,360,18,1.0,0.89,9,Laptop,0
2023-10-11 10:17:55.776365,360,22,1.0,0.73,1,Xavier,0
2023-10-11 10:17:55.981158,420,14,1.0,0.64,1,Nano,0
2023-10-11 10:17:57.649000,360,18,1.0,0.89,9,Laptop,0
2023-10-11 10:17:57.847636,420,14,0.67,0.71,1,Nano,0
2023-10-11 10:17:58.239703,360,22,0.95,0.82,1,Xavier,0
2023-10-11 10:17:59.755619,420,14,1.0,0.64,1,Nano,0
2023-10-11 10:17:59.800773,360,18,1.0,0.89,9,Laptop,0
2023-10-11 10:18:00.351733,360,22,1.0,0.77,1,Xavier,0
2023-10-11 10:18:01.332177,420,14,1.0,0.71,1,Nano,0
2023-10-11 10:18:01.935275,360,18,1.0,0.89,9,Laptop,0
2023-10-11 10:18:02.405158,360,22,1.0,0.73,1,Xavier,0
2023-10-11 10:18:03.188802,420,14,0.79,0.79,1,Nano,0
2023-10-11 10:18:04.240035,360,22,1.0,0.82,1,Xavier,0
2023-10-11 10:18:04.445293,360,18,1.0,0.94,9,Laptop,0
2023-10-11 10:18:04.996104,420,14,0.67,0.71,1,Nano,0
2023-10-11 10:18:06.228929,360,22,1.0,0.86,1,Xavier,0
2023-10-11 10:18:06.566123,420,14,1.0,0.71,1,Nano,0
2023-10-11 10:18:06.788130,360,18,1.0,0.78,9,Laptop,0
2023-10-11 10:18:08.065746,360,22,1.0,0.82,1,Xavier,0
2023-10-11 10:18:08.365207,420,14,1.0,0.71,1,Nano,0
2023-10-11 10:18:08.814508,360,18,1.0,0.78,9,Laptop,0
2023-10-11 10:18:09.947067,420,14,1.0,0.71,1,Nano,0
2023-10-11 10:18:10.100303,360,22,1.0,0.82,1,Xavier,0
2023-10-11 10:18:10.130096,360,18,1.0,1.0,9,Laptop,0
2023-10-11 10:18:11.526979,360,18,1.0,0.94,9,Laptop,0
2023-10-11 10:18:11.856344,420,14,0.79,0.71,1,Nano,0
2023-10-11 10:18:12.161350,360,22,1.0,0.82,1,Xavier,0
2023-10-11 10:18:12.666327,360,18,1.0,1.0,9,Laptop,0
2023-10-11 10:18:13.688459,420,14,0.79,0.64,1,Nano,0
2023-10-11 10:18:14.119259,360,18,1.0,0.94,9,Laptop,0
2023-10-11 10:18:14.172867,360,22,1.0,0.86,1,Xavier,0
2023-10-11 10:18:15.410321,360,18,1.0,0.94,9,Laptop,0
2023-10-11 10:18:15.473850,420,14,0.79,0.64,1,Nano,0
2023-10-11 10:18:16.286511,360,22,0.95,0.77,1,Xavier,0
2023-10-11 10:18:16.583420,360,18,1.0,1.0,9,Laptop,0
2023-10-11 10:18:17.091408,420,14,1.0,0.71,1,Nano,0
2023-10-11 10:18:17.976420,360,18,1.0,1.0,9,Laptop,0
2023-10-11 10:18:18.445691,360,22,1.0,0.77,1,Xavier,0
2023-10-11 10:18:18.697152,420,14,1.0,0.71,1,Nano,0
2023-10-11 10:18:19.286259,360,18,1.0,0.94,9,Laptop,0
2023-10-11 10:18:20.293497,420,14,1.0,0.64,1,Nano,0
2023-10-11 10:18:20.525232,360,18,1.0,0.94,9,Laptop,0
2023-10-11 10:18:20.663320,360,22,1.0,0.73,1,Xavier,0
2023-10-11 10:18:21.829014,420,14,1.0,0.71,1,Nano,0
2023-10-11 10:18:21.989978,360,18,1.0,0.94,9,Laptop,0
2023-10-11 10:18:22.530919,360,22,1.0,0.77,1,Xavier,0
2023-10-11 10:18:23.382227,360,18,1.0,0.83,9,Laptop,0
2023-10-11 10:18:23.575439,420,14,1.0,0.79,1,Nano,0
2023-10-11 10:18:24.491575,360,22,1.0,0.86,1,Xavier,0
2023-10-11 10:18:24.823349,360,18,1.0,0.94,9,Laptop,0
2023-10-11 10:18:25.358301,420,14,1.0,0.71,1,Nano,0
2023-10-11 10:18:26.063068,360,18,1.0,1.0,9,Laptop,0
2023-10-11 10:18:26.459025,360,22,1.0,0.91,1,Xavier,0
2023-10-11 10:18:26.913029,420,14,1.0,0.64,1,Nano,0
2023-10-11 10:18:27.418893,360,18,1.0,0.94,9,Laptop,0
2023-10-11 10:18:28.634147,360,22,1.0,0.86,1,Xavier,0
2023-10-11 10:18:28.753095,360,18,1.0,0.94,9,Laptop,0
2023-10-11 10:18:28.771174,420,14,0.79,0.71,1,Nano,0
2023-10-11 10:18:30.540068,360,18,1.0,0.94,9,Laptop,0
2023-10-11 10:18:30.640733,420,14,1.0,0.64,1,Nano,0
2023-10-11 10:18:30.846561,360,22,1.0,0.82,1,Xavier,0
2023-10-11 10:18:32.491342,420,14,1.0,0.71,1,Nano,0
2023-10-11 10:18:32.792320,360,18,0.94,0.72,9,Laptop,0
2023-10-11 10:18:32.932983,360,22,0.95,0.68,1,Xavier,0
2023-10-11 10:18:34.066457,420,14,1.0,0.71,1,Nano,0
2023-10-11 10:18:35.175817,360,18,1.0,0.89,9,Laptop,0
2023-10-11 10:18:35.319630,360,22,0.95,0.77,1,Xavier,0
2023-10-11 10:18:35.922797,420,14,1.0,0.71,1,Nano,0
2023-10-11 10:18:37.165661,360,18,1.0,0.83,9,Laptop,0
2023-10-11 10:18:37.533823,360,22,0.95,0.77,1,Xavier,0
2023-10-11 10:18:37.747681,420,14,0.93,0.64,1,Nano,0
2023-10-11 10:18:39.312578,420,14,1.0,0.64,1,Nano,0
2023-10-11 10:18:39.515997,360,18,1.0,0.83,9,Laptop,0
2023-10-11 10:18:39.864523,360,22,1.0,0.73,1,Xavier,0
2023-10-11 10:18:41.123914,420,14,1.0,0.79,1,Nano,0
2023-10-11 10:18:41.467839,360,18,1.0,0.83,9,Laptop,0
2023-10-11 10:18:41.700491,360,22,1.0,0.82,1,Xavier,0
2023-10-11 10:18:42.981678,420,14,0.93,0.64,1,Nano,0
2023-10-11 10:18:43.774366,360,18,1.0,0.78,9,Laptop,0
2023-10-11 10:18:43.784263,360,22,1.0,0.86,1,Xavier,0
2023-10-11 10:18:44.587320,420,14,1.0,0.64,1,Nano,0
2023-10-11 10:18:45.722108,360,18,1.0,0.83,9,Laptop,0
2023-10-11 10:18:45.911832,360,22,1.0,0.86,1,Xavier,0
2023-10-11 10:18:46.474208,420,14,1.0,0.57,1,Nano,0
2023-10-11 10:18:47.810413,360,18,1.0,0.83,9,Laptop,0
2023-10-11 10:18:47.952261,360,22,1.0,0.82,1,Xavier,0
2023-10-11 10:18:48.123028,420,14,1.0,0.71,1,Nano,0
2023-10-11 10:18:49.509419,420,14,1.0,0.64,1,Nano,0
2023-10-11 10:18:49.829763,360,18,1.0,0.89,9,Laptop,0
2023-10-11 10:18:50.269108,360,22,1.0,0.77,1,Xavier,0
2023-10-11 10:18:51.614608,420,14,0.67,0.79,1,Nano,0
2023-10-11 10:18:51.884378,360,18,1.0,0.83,9,Laptop,0
2023-10-11 10:18:52.415368,360,22,1.0,0.77,1,Xavier,0
2023-10-11 10:18:53.266613,420,14,1.0,0.71,1,Nano,0
2023-10-11 10:18:53.925487,360,18,1.0,0.89,9,Laptop,0
2023-10-11 10:18:54.615161,360,22,1.0,0.77,1,Xavier,0
2023-10-11 10:18:54.885888,420,14,1.0,0.71,1,Nano,0
2023-10-11 10:18:56.123265,360,18,0.94,0.78,9,Laptop,0
2023-10-11 10:18:56.570506,360,22,1.0,0.77,1,Xavier,0
2023-10-11 10:18:56.603218,420,14,1.0,0.71,1,Nano,0
2023-10-11 10:18:58.047767,420,14,1.0,0.64,1,Nano,0
2023-10-11 10:18:58.173687,360,18,0.94,0.83,9,Laptop,0
2023-10-11 10:18:58.994715,360,22,0.95,0.82,1,Xavier,0
2023-10-11 10:18:59.695794,420,14,1.0,0.71,1,Nano,0
2023-10-11 10:19:00.297770,360,18,1.0,0.94,9,Laptop,0
2023-10-11 10:19:01.300057,420,14,1.0,0.71,1,Nano,0
2023-10-11 10:19:01.326325,360,22,1.0,0.82,1,Xavier,0
2023-10-11 10:19:02.119725,360,18,1.0,0.83,9,Laptop,0
2023-10-11 10:19:03.000621,420,14,1.0,0.79,1,Nano,0
2023-10-11 10:19:03.237632,360,22,1.0,0.77,1,Xavier,0
2023-10-11 10:19:04.299790,360,18,1.0,0.83,9,Laptop,0
2023-10-11 10:19:04.531847,420,14,1.0,0.79,1,Nano,0
2023-10-11 10:19:06.232731,360,22,1.0,0.86,1,Xavier,0
2023-10-11 10:19:06.537964,420,14,1.0,0.71,1,Nano,0
2023-10-11 10:19:06.597578,360,18,0.94,0.94,9,Laptop,0
2023-10-11 10:19:07.441565,360,22,1.0,0.86,1,Xavier,0
2023-10-11 10:19:08.344508,420,14,0.79,0.64,1,Nano,0
2023-10-11 10:19:08.420160,360,18,1.0,0.83,9,Laptop,0
2023-10-11 10:19:09.680874,360,22,0.95,0.77,1,Xavier,0
2023-10-11 10:19:10.013203,420,14,0.93,0.64,1,Nano,0
2023-10-11 10:19:10.562485,360,18,1.0,0.83,9,Laptop,0
2023-10-11 10:19:11.475754,360,22,1.0,0.73,1,Xavier,0
2023-10-11 10:19:11.552790,420,14,1.0,0.71,1,Nano,0
2023-10-11 10:19:12.749265,360,18,1.0,0.89,9,Laptop,0
2023-10-11 10:19:13.441275,420,14,1.0,0.71,1,Nano,0
2023-10-11 10:19:14.013257,360,22,0.95,0.86,1,Xavier,0
2023-10-11 10:19:14.621556,360,18,1.0,0.94,9,Laptop,0
2023-10-11 10:19:15.065232,420,14,1.0,0.71,1,Nano,0
2023-10-11 10:19:16.235872,360,22,1.0,0.77,1,Xavier,0
2023-10-11 10:19:16.778711,360,18,1.0,0.83,9,Laptop,0
2023-10-11 10:19:16.901153,420,14,0.67,0.71,1,Nano,0
2023-10-11 10:19:18.731702,420,14,1.0,0.71,1,Nano,0
2023-10-11 10:19:18.824440,360,18,1.0,0.89,9,Laptop,0
2023-10-11 10:19:20.092937,420,14,1.0,0.71,1,Nano,0
2023-10-11 10:19:20.940721,360,18,1.0,0.89,9,Laptop,0
2023-10-11 10:19:21.973477,420,14,1.0,0.71,1,Nano,0
2023-10-11 10:19:23.080906,360,18,1.0,0.89,9,Laptop,0
2023-10-11 10:19:23.581053,420,14,1.0,0.64,1,Nano,0
2023-10-11 10:19:24.907005,420,14,1.0,0.64,1,Nano,0
2023-10-11 10:19:25.452505,360,18,1.0,0.89,9,Laptop,0
2023-10-11 10:19:27.061997,420,14,0.93,0.71,1,Nano,0
2023-10-11 10:19:27.467211,360,18,1.0,0.83,9,Laptop,0
2023-10-11 10:19:28.760982,420,14,0.79,0.5,1,Nano,0
2023-10-11 10:19:30.221676,420,14,1.0,0.64,1,Nano,0
2023-10-11 10:19:30.258227,360,18,1.0,0.72,9,Laptop,0
2023-10-11 10:19:31.871915,420,14,1.0,0.79,1,Nano,0
2023-10-11 10:19:32.507580,360,18,1.0,0.72,9,Laptop,0
2023-10-11 10:19:33.803758,420,14,0.67,0.79,1,Nano,0
2023-10-11 10:19:34.610287,360,18,0.94,0.83,9,Laptop,0
2023-10-11 10:19:35.600595,420,14,0.67,0.64,1,Nano,0
2023-10-11 10:19:36.662080,360,18,1.0,0.89,9,Laptop,0
2023-10-11 10:19:37.447508,420,14,1.0,0.57,1,Nano,0
2023-10-11 10:19:39.062007,360,18,1.0,0.83,9,Laptop,0
2023-10-11 10:19:39.080946,420,14,1.0,0.64,1,Nano,0
2023-10-11 10:19:40.718893,420,14,1.0,0.71,1,Nano,0
2023-10-11 10:19:41.439258,360,18,0.94,0.83,9,Laptop,0
2023-10-11 10:19:42.513956,420,14,1.0,0.79,1,Nano,0
2023-10-11 10:19:43.150895,180,22,1.0,0.95,1,Xavier,1
2023-10-11 10:19:43.786017,360,18,1.0,0.78,9,Laptop,0
2023-10-11 10:19:44.203526,420,14,0.93,0.64,1,Nano,0
2023-10-11 10:19:45.596338,180,22,0.91,0.91,5,Xavier,1
2023-10-11 10:19:45.791970,420,14,1.0,0.71,1,Nano,0
2023-10-11 10:19:46.685471,360,18,0.94,0.78,9,Laptop,0
2023-10-11 10:19:47.836490,420,14,0.67,0.79,1,Nano,0
2023-10-11 10:19:48.680103,360,18,1.0,0.67,9,Laptop,0
2023-10-11 10:19:49.435392,420,14,1.0,0.71,1,Nano,0
2023-10-11 10:19:49.591064,420,30,1.0,0.13,5,Xavier,1
2023-10-11 10:19:50.973650,360,18,1.0,0.83,9,Laptop,0
2023-10-11 10:19:51.284628,420,14,0.79,0.79,1,Nano,0
2023-10-11 10:19:52.116735,240,18,0.94,0.56,5,Xavier,1
2023-10-11 10:19:53.124484,420,14,0.79,0.64,1,Nano,0
2023-10-11 10:19:53.224957,360,18,1.0,0.83,9,Laptop,0
2023-10-11 10:19:53.932921,300,14,0.93,0.71,5,Xavier,1
2023-10-11 10:19:55.011306,420,14,1.0,0.71,1,Nano,0
2023-10-11 10:19:55.463889,360,18,1.0,0.83,9,Laptop,0
2023-10-11 10:19:55.750435,300,14,1.0,0.93,5,Xavier,1
2023-10-11 10:19:56.592979,420,14,1.0,0.64,1,Nano,0
2023-10-11 10:19:57.532712,300,14,0.93,0.86,5,Xavier,1
2023-10-11 10:19:57.659146,360,18,1.0,0.89,9,Laptop,0
2023-10-11 10:19:58.433539,420,14,0.93,0.64,1,Nano,0
2023-10-11 10:19:59.522453,300,14,1.0,0.86,5,Xavier,1
2023-10-11 10:20:00.074265,420,14,1.0,0.71,1,Nano,0
2023-10-11 10:20:00.122338,360,18,1.0,0.67,9,Laptop,0
2023-10-11 10:20:01.460032,300,14,1.0,0.79,5,Xavier,1
2023-10-11 10:20:01.861519,420,14,1.0,0.79,1,Nano,0
2023-10-11 10:20:02.210230,360,18,1.0,0.78,9,Laptop,0
2023-10-11 10:20:03.467075,420,14,1.0,0.71,1,Nano,0
2023-10-11 10:20:03.609517,300,14,0.73,0.86,5,Xavier,1
2023-10-11 10:20:04.589949,360,18,1.0,0.89,9,Laptop,0
2023-10-11 10:20:05.347296,420,14,1.0,0.79,1,Nano,0
2023-10-11 10:20:05.444714,300,14,1.0,0.86,5,Xavier,1
2023-10-11 10:20:06.852330,420,14,1.0,0.71,1,Nano,0
2023-10-11 10:20:06.910337,360,18,1.0,0.83,9,Laptop,0
2023-10-11 10:20:07.237496,300,14,1.0,0.86,5,Xavier,1
2023-10-11 10:20:08.459212,420,14,1.0,0.64,1,Nano,0
2023-10-11 10:20:09.071328,360,18,1.0,0.78,9,Laptop,0
2023-10-11 10:20:09.242803,300,14,1.0,0.86,5,Xavier,1
2023-10-11 10:20:10.477844,420,14,0.79,0.71,1,Nano,0
2023-10-11 10:20:11.072403,300,14,1.0,0.79,5,Xavier,1
2023-10-11 10:20:11.761372,360,18,1.0,0.94,9,Laptop,0
2023-10-11 10:20:12.330782,420,14,0.67,0.64,1,Nano,0
2023-10-11 10:20:12.890691,300,14,1.0,0.86,5,Xavier,1
2023-10-11 10:20:14.128736,420,14,1.0,0.71,1,Nano,0
2023-10-11 10:20:14.818101,360,18,1.0,0.72,9,Laptop,0
2023-10-11 10:20:15.409556,300,14,1.0,0.64,5,Xavier,1
2023-10-11 10:20:16.043767,420,14,0.79,0.71,1,Nano,0
2023-10-11 10:20:17.170105,360,18,1.0,0.72,9,Laptop,0
2023-10-11 10:20:17.418548,300,14,1.0,0.71,5,Xavier,1
2023-10-11 10:20:17.855724,420,14,1.0,0.64,1,Nano,0
2023-10-11 10:20:19.002802,360,18,1.0,0.83,9,Laptop,0
2023-10-11 10:20:19.040872,300,14,1.0,0.79,5,Xavier,1
2023-10-11 10:20:19.665633,420,14,0.93,0.64,1,Nano,0
2023-10-11 10:20:21.253731,300,14,1.0,0.93,5,Xavier,1
2023-10-11 10:20:21.363512,360,18,1.0,0.78,9,Laptop,0
2023-10-11 10:20:21.544898,420,14,0.79,0.57,1,Nano,0
2023-10-11 10:20:23.078584,300,14,1.0,0.71,5,Xavier,1
2023-10-11 10:20:23.213371,420,14,1.0,0.64,1,Nano,0
2023-10-11 10:20:23.459149,360,18,1.0,0.78,9,Laptop,0
2023-10-11 10:20:24.902795,420,14,1.0,0.64,1,Nano,0
2023-10-11 10:20:24.922152,300,14,1.0,0.79,5,Xavier,1
2023-10-11 10:20:25.814986,360,18,1.0,0.78,9,Laptop,0
2023-10-11 10:20:26.807962,420,14,0.67,0.64,1,Nano,0
2023-10-11 10:20:27.098138,300,14,0.73,0.86,5,Xavier,1
2023-10-11 10:20:27.756908,360,18,1.0,0.89,9,Laptop,0
2023-10-11 10:20:28.374296,420,14,1.0,0.71,1,Nano,0
2023-10-11 10:20:29.273446,300,14,0.93,0.71,5,Xavier,1
2023-10-11 10:20:29.864788,360,18,1.0,0.72,9,Laptop,0
2023-10-11 10:20:30.003772,420,14,1.0,0.71,1,Nano,0
2023-10-11 10:20:31.200310,300,14,1.0,0.71,5,Xavier,1
2023-10-11 10:20:31.626247,360,18,0.94,0.89,9,Laptop,0
2023-10-11 10:20:31.662807,420,14,1.0,0.71,1,Nano,0
2023-10-11 10:20:33.184364,360,18,1.0,0.83,9,Laptop,0
2023-10-11 10:20:33.187186,300,14,1.0,0.79,5,Xavier,1
2023-10-11 10:20:33.296492,420,14,1.0,0.71,1,Nano,0
2023-10-11 10:20:34.642092,360,18,1.0,0.94,9,Laptop,0
2023-10-11 10:20:35.148996,420,14,0.67,0.71,1,Nano,0
2023-10-11 10:20:35.444619,300,14,1.0,0.64,5,Xavier,1
2023-10-11 10:20:36.202135,360,18,1.0,0.94,9,Laptop,0
2023-10-11 10:20:36.808839,420,14,1.0,0.71,1,Nano,0
2023-10-11 10:20:37.370546,300,14,1.0,0.64,5,Xavier,1
2023-10-11 10:20:38.036649,360,18,1.0,0.94,9,Laptop,0
2023-10-11 10:20:38.622813,420,14,0.79,0.64,1,Nano,0
2023-10-11 10:20:39.177323,300,14,1.0,0.86,5,Xavier,1
2023-10-11 10:20:39.182590,360,18,1.0,0.83,9,Laptop,0
2023-10-11 10:20:40.430150,420,14,0.93,0.64,1,Nano,0
2023-10-11 10:20:40.487507,360,18,1.0,0.94,9,Laptop,0
2023-10-11 10:20:41.408275,300,14,0.93,0.86,5,Xavier,1
2023-10-11 10:20:41.920400,360,18,1.0,1.0,9,Laptop,0
2023-10-11 10:20:42.219383,420,14,0.67,0.71,1,Nano,0
2023-10-11 10:20:43.072067,360,18,0.94,0.94,9,Laptop,0
2023-10-11 10:20:43.704281,300,14,1.0,0.57,5,Xavier,1
2023-10-11 10:20:44.372976,420,14,0.79,0.79,1,Nano,0
2023-10-11 10:20:44.476241,360,18,1.0,0.94,9,Laptop,0
2023-10-11 10:20:45.683620,300,14,0.93,0.71,5,Xavier,1
2023-10-11 10:20:45.860986,360,18,1.0,0.83,9,Laptop,0
2023-10-11 10:20:45.951080,420,14,1.0,0.57,1,Nano,0
2023-10-11 10:20:47.163014,360,18,1.0,1.0,9,Laptop,0
2023-10-11 10:20:47.396822,300,14,1.0,0.71,5,Xavier,1
2023-10-11 10:20:47.642133,420,14,1.0,0.71,1,Nano,0
2023-10-11 10:20:48.589635,360,18,1.0,1.0,9,Laptop,0
2023-10-11 10:20:49.229320,420,14,1.0,0.71,1,Nano,0
2023-10-11 10:20:49.579836,300,14,1.0,0.57,5,Xavier,1
2023-10-11 10:20:50.081677,360,18,1.0,0.89,9,Laptop,0
2023-10-11 10:20:51.236935,420,14,1.0,0.79,1,Nano,0
2023-10-11 10:20:51.368317,300,14,1.0,0.79,5,Xavier,1
2023-10-11 10:20:52.854972,420,14,1.0,0.71,1,Nano,0
2023-10-11 10:20:52.864594,360,18,1.0,0.67,9,Laptop,0
2023-10-11 10:20:53.165140,300,14,1.0,0.79,5,Xavier,1
2023-10-11 10:20:54.423618,420,14,1.0,0.71,1,Nano,0
2023-10-11 10:20:55.022679,300,14,1.0,0.86,5,Xavier,1
2023-10-11 10:20:55.828352,360,18,1.0,0.67,9,Laptop,0
2023-10-11 10:20:56.503781,420,14,0.79,0.79,1,Nano,0
2023-10-11 10:20:57.177545,300,14,1.0,0.71,5,Xavier,1
2023-10-11 10:20:58.061631,420,14,1.0,0.64,1,Nano,0
2023-10-11 10:20:58.147830,360,18,1.0,0.78,9,Laptop,0
2023-10-11 10:20:59.023681,300,14,1.0,0.86,5,Xavier,1
2023-10-11 10:20:59.989952,420,14,0.93,0.64,1,Nano,0
2023-10-11 10:21:00.498048,360,18,1.0,0.89,9,Laptop,0
2023-10-11 10:21:00.848080,300,14,1.0,0.79,5,Xavier,1
2023-10-11 10:21:01.575950,420,14,1.0,0.64,1,Nano,0
2023-10-11 10:21:02.645158,300,14,1.0,0.86,5,Xavier,1
2023-10-11 10:21:03.234004,360,18,1.0,0.67,9,Laptop,0
2023-10-11 10:21:03.377608,420,14,1.0,0.71,1,Nano,0
2023-10-11 10:21:04.511436,300,14,1.0,0.79,5,Xavier,1
2023-10-11 10:21:05.175334,420,14,1.0,0.64,1,Nano,0
2023-10-11 10:21:05.630794,360,18,1.0,0.78,9,Laptop,0
2023-10-11 10:21:06.604318,300,14,1.0,0.86,5,Xavier,1
2023-10-11 10:21:06.824193,420,14,0.79,0.57,1,Nano,0
2023-10-11 10:21:07.936632,360,18,1.0,0.83,9,Laptop,0
2023-10-11 10:21:08.699909,420,14,1.0,0.64,1,Nano,0
2023-10-11 10:21:08.793932,300,14,1.0,0.71,5,Xavier,1
2023-10-11 10:21:09.981522,360,18,0.94,0.78,9,Laptop,0
2023-10-11 10:21:10.409160,420,14,0.93,0.57,1,Nano,0
2023-10-11 10:21:11.058898,300,14,1.0,0.71,5,Xavier,1
2023-10-11 10:21:11.954514,420,14,1.0,0.64,1,Nano,0
2023-10-11 10:21:12.013976,360,18,1.0,0.83,9,Laptop,0
2023-10-11 10:21:13.069250,300,14,0.93,0.79,5,Xavier,1
2023-10-11 10:21:13.927379,420,14,0.67,0.71,1,Nano,0
2023-10-11 10:21:14.194312,360,18,1.0,0.89,9,Laptop,0
2023-10-11 10:21:15.296528,300,14,1.0,0.79,5,Xavier,1
2023-10-11 10:21:15.546288,420,14,1.0,0.57,1,Nano,0
2023-10-11 10:21:16.417826,360,18,1.0,0.89,9,Laptop,0
2023-10-11 10:21:17.351851,420,14,0.79,0.64,1,Nano,0
2023-10-11 10:21:17.780354,300,14,1.0,0.71,5,Xavier,1
2023-10-11 10:21:18.261777,360,18,1.0,0.89,9,Laptop,0
2023-10-11 10:21:18.959527,420,14,1.0,0.64,1,Nano,0
2023-10-11 10:21:19.762815,300,14,0.93,0.71,5,Xavier,1
2023-10-11 10:21:20.326176,360,18,1.0,0.83,9,Laptop,0
2023-10-11 10:21:20.588719,420,14,1.0,0.79,1,Nano,0
2023-10-11 10:21:21.760688,300,14,1.0,0.79,5,Xavier,1
2023-10-11 10:21:22.422532,420,14,0.79,0.71,1,Nano,0
2023-10-11 10:21:22.588835,360,18,1.0,0.78,9,Laptop,0
2023-10-11 10:21:23.765832,300,14,0.93,0.86,5,Xavier,1
2023-10-11 10:21:24.017336,420,14,1.0,0.71,1,Nano,0
2023-10-11 10:21:25.137461,360,18,1.0,0.61,9,Laptop,0
2023-10-11 10:21:25.657051,300,14,1.0,0.79,5,Xavier,1
2023-10-11 10:21:25.955228,420,14,1.0,0.79,1,Nano,0
2023-10-11 10:21:27.439439,360,18,1.0,0.72,9,Laptop,0
2023-10-11 10:21:27.543203,420,14,1.0,0.64,1,Nano,0
2023-10-11 10:21:27.886200,300,14,1.0,0.71,5,Xavier,1
2023-10-11 10:21:29.168872,420,14,1.0,0.79,1,Nano,0
2023-10-11 10:21:29.379471,360,18,1.0,0.78,9,Laptop,0
2023-10-11 10:21:29.770291,300,14,1.0,0.64,5,Xavier,1
2023-10-11 10:21:31.220036,420,14,1.0,0.79,1,Nano,0
2023-10-11 10:21:31.457715,360,18,1.0,0.89,9,Laptop,0
2023-10-11 10:21:31.644587,300,14,1.0,0.86,5,Xavier,1
2023-10-11 10:21:32.951211,420,14,0.79,0.64,1,Nano,0
2023-10-11 10:21:33.518063,300,14,1.0,1.0,5,Xavier,1
2023-10-11 10:21:34.405520,360,18,1.0,0.78,9,Laptop,0
2023-10-11 10:21:34.487360,420,14,1.0,0.57,1,Nano,0
2023-10-11 10:21:35.332701,300,14,1.0,0.86,5,Xavier,1
2023-10-11 10:21:36.430760,420,14,0.67,0.71,1,Nano,0
2023-10-11 10:21:36.716364,360,18,1.0,0.72,9,Laptop,0
2023-10-11 10:21:37.160505,300,14,1.0,0.71,5,Xavier,1
2023-10-11 10:21:38.069271,420,14,1.0,0.64,1,Nano,0
2023-10-11 10:21:38.826554,360,18,1.0,0.83,9,Laptop,0
2023-10-11 10:21:39.112597,300,14,1.0,0.86,5,Xavier,1
2023-10-11 10:21:39.474570,420,14,1.0,0.71,1,Nano,0
2023-10-11 10:21:41.059835,300,14,1.0,0.93,5,Xavier,1
2023-10-11 10:21:41.328450,420,14,1.0,0.79,1,Nano,0
2023-10-11 10:21:42.249029,360,18,0.94,0.72,9,Laptop,0
2023-10-11 10:21:42.835190,420,14,1.0,0.71,1,Nano,0
2023-10-11 10:21:43.517438,300,14,1.0,0.79,5,Xavier,1
2023-10-11 10:21:44.533857,360,18,1.0,0.56,9,Laptop,0
2023-10-11 10:21:44.725290,420,14,0.79,0.71,1,Nano,0
2023-10-11 10:21:45.466326,300,14,1.0,0.64,5,Xavier,1
2023-10-11 10:21:46.690581,420,14,1.0,0.71,1,Nano,0
2023-10-11 10:21:46.710689,360,18,1.0,0.72,9,Laptop,0
2023-10-11 10:21:47.304304,300,14,1.0,0.79,5,Xavier,1
2023-10-11 10:21:48.553182,420,14,1.0,0.64,1,Nano,0
2023-10-11 10:21:49.193032,300,14,1.0,0.86,5,Xavier,1
2023-10-11 10:21:49.304444,360,18,1.0,0.72,9,Laptop,0
2023-10-11 10:21:50.459491,420,14,1.0,0.64,1,Nano,0
2023-10-11 10:21:51.397313,300,14,1.0,0.71,5,Xavier,1
2023-10-11 10:21:51.800595,360,18,1.0,0.67,9,Laptop,0
2023-10-11 10:21:52.442562,420,14,0.67,0.71,1,Nano,0
2023-10-11 10:21:53.201477,300,14,1.0,0.86,5,Xavier,1
2023-10-11 10:21:54.239495,420,14,1.0,0.64,1,Nano,0
2023-10-11 10:21:54.451626,360,18,1.0,0.61,9,Laptop,0
2023-10-11 10:21:55.038440,300,14,1.0,0.93,5,Xavier,1
